Award_number,ImageLink1,ImageLink2,ImageLink3,ImageLink4,ImageLink5
9820538,https://www.bme.jhu.edu/wp-content/uploads/2019/09/Ugrad-research.jpg,https://cockrell.utexas.edu/media/xt-adaptive-images/400/images/students/undergraduate-majors-biomedical.jpg,"https://res.cloudinary.com/grand-canyon-university/image/fetch/w_750,h_564,c_fill,g_faces,q_auto/https://www.gcu.edu/sites/default/files/media/GettyImages-1193074238.jpg",https://assets.everspringpartners.com/78/e2/8280dcad4d4e980231d054ea734e/19941.jpg,https://be.seas.upenn.edu/wp-content/uploads/2019/02/be-lab-6.jpg
1802188,https://www.nsf.gov/por/images/Reports/POR/2022/1802312/1802312_10549267_1658952694519_encal--rgov-214x142.jpg,https://bioone.org/ContentImages/Journals/madr/66/4/0024-9637-66.4.130/graphic/img-z6-1_130.jpg,https://www.idigbio.org/wiki/images/thumb/6/61/CAPLogo.jpg/200px-CAPLogo.jpg,https://www.nsf.gov/por/images/Reports/POR/2022/1802176/1802176_10549182_1662411433088_Guilliams_specimen--rgov-214x142.jpg,https://www.capturingcaliforniasflowers.org/uploads/1/6/3/7/16372936/editor/5583719-orig.jpg?1577807527
1802199,https://www.nsf.gov/por/images/Reports/POR/2022/1802312/1802312_10549267_1658952694519_encal--rgov-214x142.jpg,https://bioone.org/ContentImages/Journals/madr/66/4/0024-9637-66.4.130/graphic/img-z6-1_130.jpg,https://www.idigbio.org/wiki/images/thumb/6/61/CAPLogo.jpg/200px-CAPLogo.jpg,https://www.nsf.gov/por/images/Reports/POR/2022/1802176/1802176_10549182_1662411433088_Guilliams_specimen--rgov-214x142.jpg,https://www.capturingcaliforniasflowers.org/uploads/1/6/3/7/16372936/editor/5583719-orig.jpg?1577807527
1802200,https://www.nsf.gov/por/images/Reports/POR/2022/1802312/1802312_10549267_1658952694519_encal--rgov-214x142.jpg,https://bioone.org/ContentImages/Journals/madr/66/4/0024-9637-66.4.130/graphic/img-z6-1_130.jpg,https://www.idigbio.org/wiki/images/thumb/6/61/CAPLogo.jpg/200px-CAPLogo.jpg,https://www.nsf.gov/por/images/Reports/POR/2022/1802176/1802176_10549182_1662411433088_Guilliams_specimen--rgov-214x142.jpg,https://www.capturingcaliforniasflowers.org/uploads/1/6/3/7/16372936/editor/5583719-orig.jpg?1577807527
1802178,https://www.nsf.gov/por/images/Reports/POR/2022/1802312/1802312_10549267_1658952694519_encal--rgov-214x142.jpg,https://bioone.org/ContentImages/Journals/madr/66/4/0024-9637-66.4.130/graphic/img-z6-1_130.jpg,https://www.idigbio.org/wiki/images/thumb/6/61/CAPLogo.jpg/200px-CAPLogo.jpg,https://www.nsf.gov/por/images/Reports/POR/2022/1802176/1802176_10549182_1662411433088_Guilliams_specimen--rgov-214x142.jpg,https://www.nsf.gov/por/images/Reports/POR/2022/1802183/1802183_10549212_1660837406350_IMG_0628--rgov-214x142.jpg
1802163,https://www.nsf.gov/por/images/Reports/POR/2022/1802312/1802312_10549267_1658952694519_encal--rgov-214x142.jpg,https://bioone.org/ContentImages/Journals/madr/66/4/0024-9637-66.4.130/graphic/img-z6-1_130.jpg,https://www.idigbio.org/wiki/images/thumb/6/61/CAPLogo.jpg/200px-CAPLogo.jpg,https://www.nsf.gov/por/images/Reports/POR/2022/1802176/1802176_10549182_1662411433088_Guilliams_specimen--rgov-214x142.jpg,https://www.capturingcaliforniasflowers.org/uploads/1/6/3/7/16372936/editor/5583719-orig.jpg?1577807527
1802185,https://www.nsf.gov/por/images/Reports/POR/2022/1802312/1802312_10549267_1658952694519_encal--rgov-214x142.jpg,https://bioone.org/ContentImages/Journals/madr/66/4/0024-9637-66.4.130/graphic/img-z6-1_130.jpg,https://www.idigbio.org/wiki/images/thumb/6/61/CAPLogo.jpg/200px-CAPLogo.jpg,https://www.nsf.gov/por/images/Reports/POR/2022/1802176/1802176_10549182_1662411433088_Guilliams_specimen--rgov-214x142.jpg,https://www.capturingcaliforniasflowers.org/uploads/1/6/3/7/16372936/editor/5583719-orig.jpg?1577807527
1802177,https://www.nsf.gov/por/images/Reports/POR/2022/1802312/1802312_10549267_1658952694519_encal--rgov-214x142.jpg,https://bioone.org/ContentImages/Journals/madr/66/4/0024-9637-66.4.130/graphic/img-z6-1_130.jpg,https://www.idigbio.org/wiki/images/thumb/6/61/CAPLogo.jpg/200px-CAPLogo.jpg,https://www.nsf.gov/por/images/Reports/POR/2022/1802176/1802176_10549182_1662411433088_Guilliams_specimen--rgov-214x142.jpg,https://www.capturingcaliforniasflowers.org/uploads/1/6/3/7/16372936/editor/5583719-orig.jpg?1577807527
1802182,https://www.nsf.gov/por/images/Reports/POR/2022/1802312/1802312_10549267_1658952694519_encal--rgov-214x142.jpg,https://bioone.org/ContentImages/Journals/madr/66/4/0024-9637-66.4.130/graphic/img-z6-1_130.jpg,https://www.idigbio.org/wiki/images/thumb/6/61/CAPLogo.jpg/200px-CAPLogo.jpg,https://www.nsf.gov/por/images/Reports/POR/2022/1802176/1802176_10549182_1662411433088_Guilliams_specimen--rgov-214x142.jpg,https://www.capturingcaliforniasflowers.org/uploads/1/6/3/7/16372936/editor/5583719-orig.jpg?1577807527
1802191,https://www.nsf.gov/por/images/Reports/POR/2022/1802312/1802312_10549267_1658952694519_encal--rgov-214x142.jpg,https://bioone.org/ContentImages/Journals/madr/66/4/0024-9637-66.4.130/graphic/img-z6-1_130.jpg,https://www.idigbio.org/wiki/images/thumb/6/61/CAPLogo.jpg/200px-CAPLogo.jpg,https://www.nsf.gov/por/images/Reports/POR/2022/1802176/1802176_10549182_1662411433088_Guilliams_specimen--rgov-214x142.jpg,https://www.capturingcaliforniasflowers.org/uploads/1/6/3/7/16372936/editor/5583719-orig.jpg?1577807527
1802192,https://www.nsf.gov/por/images/Reports/POR/2022/1802312/1802312_10549267_1658952694519_encal--rgov-214x142.jpg,https://bioone.org/ContentImages/Journals/madr/66/4/0024-9637-66.4.130/graphic/img-z6-1_130.jpg,https://www.idigbio.org/wiki/images/thumb/6/61/CAPLogo.jpg/200px-CAPLogo.jpg,https://www.nsf.gov/por/images/Reports/POR/2022/1802176/1802176_10549182_1662411433088_Guilliams_specimen--rgov-214x142.jpg,https://www.capturingcaliforniasflowers.org/uploads/1/6/3/7/16372936/editor/5583719-orig.jpg?1577807527
1802186,https://www.nsf.gov/por/images/Reports/POR/2022/1802312/1802312_10549267_1658952694519_encal--rgov-214x142.jpg,https://bioone.org/ContentImages/Journals/madr/66/4/0024-9637-66.4.130/graphic/img-z6-1_130.jpg,https://www.idigbio.org/wiki/images/thumb/6/61/CAPLogo.jpg/200px-CAPLogo.jpg,https://www.nsf.gov/por/images/Reports/POR/2022/1802176/1802176_10549182_1662411433088_Guilliams_specimen--rgov-214x142.jpg,https://www.capturingcaliforniasflowers.org/uploads/1/6/3/7/16372936/editor/5583719-orig.jpg?1577807527
1802181,https://www.nsf.gov/por/images/Reports/POR/2022/1802312/1802312_10549267_1658952694519_encal--rgov-214x142.jpg,https://bioone.org/ContentImages/Journals/madr/66/4/0024-9637-66.4.130/graphic/img-z6-1_130.jpg,https://www.idigbio.org/wiki/images/thumb/6/61/CAPLogo.jpg/200px-CAPLogo.jpg,https://www.nsf.gov/por/images/Reports/POR/2022/1802176/1802176_10549182_1662411433088_Guilliams_specimen--rgov-214x142.jpg,https://www.capturingcaliforniasflowers.org/uploads/1/6/3/7/16372936/editor/5583719-orig.jpg?1577807527
1802312,https://www.nsf.gov/por/images/Reports/POR/2022/1802312/1802312_10549267_1658952694519_encal--rgov-214x142.jpg,https://bioone.org/ContentImages/Journals/madr/66/4/0024-9637-66.4.130/graphic/img-z6-1_130.jpg,https://www.idigbio.org/wiki/images/thumb/6/61/CAPLogo.jpg/200px-CAPLogo.jpg,https://www.nsf.gov/por/images/Reports/POR/2022/1802176/1802176_10549182_1662411433088_Guilliams_specimen--rgov-214x142.jpg,https://www.capturingcaliforniasflowers.org/uploads/1/6/3/7/16372936/editor/5583719-orig.jpg?1577807527
1802180,https://www.nsf.gov/por/images/Reports/POR/2022/1802312/1802312_10549267_1658952694519_encal--rgov-214x142.jpg,https://bioone.org/ContentImages/Journals/madr/66/4/0024-9637-66.4.130/graphic/img-z6-1_130.jpg,https://www.idigbio.org/wiki/images/thumb/6/61/CAPLogo.jpg/200px-CAPLogo.jpg,https://www.nsf.gov/por/images/Reports/POR/2022/1802176/1802176_10549182_1662411433088_Guilliams_specimen--rgov-214x142.jpg,https://www.capturingcaliforniasflowers.org/uploads/1/6/3/7/16372936/editor/5583719-orig.jpg?1577807527
1802194,https://www.nsf.gov/por/images/Reports/POR/2022/1802312/1802312_10549267_1658952694519_encal--rgov-214x142.jpg,https://bioone.org/ContentImages/Journals/madr/66/4/0024-9637-66.4.130/graphic/img-z6-1_130.jpg,https://www.idigbio.org/wiki/images/thumb/6/61/CAPLogo.jpg/200px-CAPLogo.jpg,https://www.nsf.gov/por/images/Reports/POR/2022/1802176/1802176_10549182_1662411433088_Guilliams_specimen--rgov-214x142.jpg,https://www.capturingcaliforniasflowers.org/uploads/1/6/3/7/16372936/editor/5583719-orig.jpg?1577807527
1802203,https://www.nsf.gov/por/images/Reports/POR/2022/1802312/1802312_10549267_1658952694519_encal--rgov-214x142.jpg,https://bioone.org/ContentImages/Journals/madr/66/4/0024-9637-66.4.130/graphic/img-z6-1_130.jpg,https://www.idigbio.org/wiki/images/thumb/6/61/CAPLogo.jpg/200px-CAPLogo.jpg,https://www.nsf.gov/por/images/Reports/POR/2022/1802176/1802176_10549182_1662411433088_Guilliams_specimen--rgov-214x142.jpg,https://www.capturingcaliforniasflowers.org/uploads/1/6/3/7/16372936/editor/5583719-orig.jpg?1577807527
1802183,https://www.nsf.gov/por/images/Reports/POR/2022/1802312/1802312_10549267_1658952694519_encal--rgov-214x142.jpg,https://bioone.org/ContentImages/Journals/madr/66/4/0024-9637-66.4.130/graphic/img-z6-1_130.jpg,https://www.idigbio.org/wiki/images/thumb/6/61/CAPLogo.jpg/200px-CAPLogo.jpg,https://www.nsf.gov/por/images/Reports/POR/2022/1802176/1802176_10549182_1662411433088_Guilliams_specimen--rgov-214x142.jpg,https://www.capturingcaliforniasflowers.org/uploads/1/6/3/7/16372936/editor/5583719-orig.jpg?1577807527
1802176,https://www.nsf.gov/por/images/Reports/POR/2022/1802312/1802312_10549267_1658952694519_encal--rgov-214x142.jpg,https://bioone.org/ContentImages/Journals/madr/66/4/0024-9637-66.4.130/graphic/img-z6-1_130.jpg,https://www.idigbio.org/wiki/images/thumb/6/61/CAPLogo.jpg/200px-CAPLogo.jpg,https://www.nsf.gov/por/images/Reports/POR/2022/1802176/1802176_10549182_1662411433088_Guilliams_specimen--rgov-214x142.jpg,https://www.capturingcaliforniasflowers.org/uploads/1/6/3/7/16372936/editor/5583719-orig.jpg?1577807527
1802301,https://www.nsf.gov/por/images/Reports/POR/2022/1802312/1802312_10549267_1658952694519_encal--rgov-214x142.jpg,https://bioone.org/ContentImages/Journals/madr/66/4/0024-9637-66.4.130/graphic/img-z6-1_130.jpg,https://www.idigbio.org/wiki/images/thumb/6/61/CAPLogo.jpg/200px-CAPLogo.jpg,https://www.nsf.gov/por/images/Reports/POR/2022/1802176/1802176_10549182_1662411433088_Guilliams_specimen--rgov-214x142.jpg,https://www.capturingcaliforniasflowers.org/uploads/1/6/3/7/16372936/editor/5583719-orig.jpg?1577807527
842324,https://slideplayer.com/15/4801946/big_thumb.jpg,https://slideplayer.com/slide/14692364/90/images/5/Computing+and+Communication+Foundations+Division+%28CCF%29.jpg,https://slideplayer.com/14692364/90/images/slide_1.jpg,https://slideplayer.com/slide/14692364/90/images/4/CISE+Organization+Office+of+the+Director+Office+of+the.jpg,https://slideplayer.com/slide/14692364/90/images/2/Outline+NSF+Overview+CISE+and+CCF+Theoretical+Foundations.jpg
1565546,https://nscl.msu.edu/public/science/Atom-nucleus-with-caption2.png,https://nscl.msu.edu/public/NSCL-beamline-LABELED1.png,https://img.yumpu.com/30336410/1/500x640/nscl-national-superconducting-cyclotron-laboratory-michigan-.jpg,https://s3.amazonaws.com/images.powershow.com/5925239.pr.jpg,https://nscl.msu.edu/news/science/fig1.jpg
1343536,https://bloximages.chicago2.vip.townnews.com/egcitizen.com/content/tncms/assets/v3/editorial/6/fd/6fd8b35e-e071-11ed-a963-eb6a08e75cc0/6442d4a59c5ba.image.jpg?crop=1662%2C873%2C0%2C187&resize=1200%2C630&order=crop%2Cresize,https://nationalcybersecuritysociety.org/wp-content/uploads/2018/01/logo-ncss-full-01.png,https://mma.prnewswire.com/media/273345/national_cyber_security_alliance_logo1140_9180jpg.jpg?p=facebook,https://staysafeonline.org/wp-content/uploads/2022/05/logo-300x93.png,https://seclore.com/wp-content/uploads/2022/02/icon-FIFA-400x400-1.png
541080,https://pub.mdpi-res.com/sensors/sensors-21-06865/article_deploy/html/images/sensors-21-06865-g001.png?1634697298,https://pub.mdpi-res.com/designs/designs-04-00017/article_deploy/html/images/designs-04-00017-ag.png?1594274820,https://www.microsoft.com/en-us/research/uploads/prod/2022/11/1200x627_AIOps_TW_FB_LI_with_logo.png,https://cdn-static.infotech.com/infographics/uploads/37243/DESIGN-2956-TM-End-User-16x9-1220w_original.png?1646148166,https://www.marketsandmarkets.com/Images/behavioral-health-software-market4.jpg
1339709,https://cccblog.org/wp-content/uploads/2013/01/nsf.jpg,https://www.tvworldwide.com/events/nsf/181210/images/tile.jpg,https://www.nsf.gov/por/images/Reports/POR/2020/1832312/1832312_10539820_1597256003298_2018ExpeditionsPIMeetingHomePage--rgov-214x142.jpg,https://viterbischool.usc.edu/wp-content/uploads/2022/04/Discover.png,https://www.nsf.gov/news/special_reports/announcements/images/0422_kitterman.jpg
702443,https://d3i71xaburhd42.cloudfront.net/048b1713043f0092240c388d52fb6063bf18b866/79-Figure4.15-1.png,https://d3i71xaburhd42.cloudfront.net/048b1713043f0092240c388d52fb6063bf18b866/39-Figure2.1-1.png,https://i1.rgstatic.net/publication/320161584_Capturing_Hand-Object_Interaction_and_Reconstruction_of_Manipulated_Objects/links/59d17c06a6fdcc181ad3b20d/largepreview.png,https://d3i71xaburhd42.cloudfront.net/048b1713043f0092240c388d52fb6063bf18b866/47-Figure3.1-1.png,https://d3i71xaburhd42.cloudfront.net/048b1713043f0092240c388d52fb6063bf18b866/76-Figure4.14-1.png
843426,https://facultyprofiles.tufts.edu/lenore-cowen/photo,https://dl.acm.org/cms/asset/959eb6cf-ff02-4fbb-a527-a362ed7e70e6/3403647.cover.jpg,https://i.ytimg.com/vi/XtEHJkezvhE/maxresdefault.jpg,https://www.mathsci.ai/img/MathSci-AI-Horizontal.png,https://i.ytimg.com/vi/rwpOS2z2Ltg/hq720.jpg?sqp=-oaymwEhCK4FEIIDSFryq4qpAxMIARUAAAAAGAElAADIQj0AgKJD&rs=AOn4CLAZsK_dkPE91TYRxhW2o-TaP2zEIQ
541108,https://pub.mdpi-res.com/designs/designs-04-00017/article_deploy/html/images/designs-04-00017-ag.png?1594274820,https://pub.mdpi-res.com/applsci/applsci-12-03396/article_deploy/html/images/applsci-12-03396-g001.png?1648367605,https://cdn-static.infotech.com/infographics/uploads/37243/DESIGN-2956-TM-End-User-16x9-1220w_original.png?1646148166,https://pub.mdpi-res.com/sensors/sensors-22-02824/article_deploy/html/images/sensors-22-02824-g001.png?1649313079,https://www.marketsandmarkets.com/Images/behavioral-health-software-market4.jpg
541075,https://pub.mdpi-res.com/sensors/sensors-21-06865/article_deploy/html/images/sensors-21-06865-g001.png?1634697298,https://pub.mdpi-res.com/applsci/applsci-12-03396/article_deploy/html/images/applsci-12-03396-g001.png?1648367605,https://www.microsoft.com/en-us/research/uploads/prod/2022/11/1200x627_AIOps_TW_FB_LI_with_logo.png,https://cdn-static.infotech.com/infographics/uploads/37243/DESIGN-2956-TM-End-User-16x9-1220w_original.png?1646148166,https://pub.mdpi-res.com/sensors/sensors-22-02824/article_deploy/html/images/sensors-22-02824-g001.png?1649313079
